TE0,TE1,TL0,TL1,TimeSyncsReceived,EmotiBitStartTime, EmotiBitEndTime, DataParserVersion
29457.000000,111290.000000,1671000920.467171,1671001003.229626,23,19065,135778,1.5.10