TE0,TE1,TL0,TL1,TimeSyncsReceived,EmotiBitStartTime, EmotiBitEndTime, DataParserVersion
65596.000000,137182.000000,1671015052.442482,1671015126.343361,21,49054,154311,1.5.10