TE0,TE1,TL0,TL1,TimeSyncsReceived,EmotiBitStartTime, EmotiBitEndTime, DataParserVersion
136809.000000,490284.000000,1670854086.543685,1670854451.390380,76,121215,512150,1.5.10